sample_id,subject_id,session_id,room_id,event_id,onset_sec,impact_sec,event_end_sec,label_confidence,fall_subtype,review_status
hoyeon_fall_normal_01,hoyeon,hoyeon_fall_normal_01,unknown,hoyeon_fall_normal_01_fall_001,0,2,3.0,0.5,unknown,needs_review
hoyeon_fall_normal_01,hoyeon,hoyeon_fall_normal_01,unknown,hoyeon_fall_normal_01_fall_002,11,13,14.0,0.5,unknown,needs_review
hoyeon_fall_normal_01,hoyeon,hoyeon_fall_normal_01,unknown,hoyeon_fall_normal_01_fall_003,20,23,24.0,0.5,unknown,needs_review
hoyeon_fall_normal_01,hoyeon,hoyeon_fall_normal_01,unknown,hoyeon_fall_normal_01_fall_004,32,35,36.0,0.5,unknown,needs_review
hoyeon_fall_normal_01,hoyeon,hoyeon_fall_normal_01,unknown,hoyeon_fall_normal_01_fall_005,47,49,50.0,0.5,unknown,needs_review
hoyeon_fall_normal_01,hoyeon,hoyeon_fall_normal_01,unknown,hoyeon_fall_normal_01_fall_006,61,63,64.0,0.5,unknown,needs_review
hoyeon_fall_normal_01,hoyeon,hoyeon_fall_normal_01,unknown,hoyeon_fall_normal_01_fall_007,74,76,77.0,0.5,unknown,needs_review
hoyeon_fall_normal_01,hoyeon,hoyeon_fall_normal_01,unknown,hoyeon_fall_normal_01_fall_008,87,89,90.0,0.5,unknown,needs_review
hoyeon_fall_normal_01,hoyeon,hoyeon_fall_normal_01,unknown,hoyeon_fall_normal_01_fall_009,101,102,103.0,0.5,unknown,needs_review
hoyeon_fall_normal_01,hoyeon,hoyeon_fall_normal_01,unknown,hoyeon_fall_normal_01_fall_010,116,118,119.0,0.5,unknown,needs_review
hoyeon_fall_normal_01,hoyeon,hoyeon_fall_normal_01,unknown,hoyeon_fall_normal_01_fall_011,131,133,134.0,0.5,unknown,needs_review
sujin_fall_normal_01,sujin,sujin_fall_normal_01,unknown,sujin_fall_normal_01_fall_001,1,2,3.0,0.5,unknown,needs_review
sujin_fall_normal_01,sujin,sujin_fall_normal_01,unknown,sujin_fall_normal_01_fall_002,13,15,16.0,0.5,unknown,needs_review
sujin_fall_normal_01,sujin,sujin_fall_normal_01,unknown,sujin_fall_normal_01_fall_003,28,30,31.0,0.5,unknown,needs_review
sujin_fall_normal_01,sujin,sujin_fall_normal_01,unknown,sujin_fall_normal_01_fall_004,40,42,43.0,0.5,unknown,needs_review
sujin_fall_normal_01,sujin,sujin_fall_normal_01,unknown,sujin_fall_normal_01_fall_005,58,60,61.0,0.5,unknown,needs_review
sujin_fall_normal_01,sujin,sujin_fall_normal_01,unknown,sujin_fall_normal_01_fall_006,82,84,85.0,0.5,unknown,needs_review
sujin_fall_normal_01,sujin,sujin_fall_normal_01,unknown,sujin_fall_normal_01_fall_007,98,100,101.0,0.5,unknown,needs_review
sujin_fall_normal_01,sujin,sujin_fall_normal_01,unknown,sujin_fall_normal_01_fall_008,115,117,118.0,0.5,unknown,needs_review
sujin_fall_normal_01,sujin,sujin_fall_normal_01,unknown,sujin_fall_normal_01_fall_009,130,132,133.0,0.5,unknown,needs_review
sujin_fall_normal_01,sujin,sujin_fall_normal_01,unknown,sujin_fall_normal_01_fall_010,148,150,151.0,0.5,unknown,needs_review
sujin_fall_normal_01,sujin,sujin_fall_normal_01,unknown,sujin_fall_normal_01_fall_011,165,167,168.0,0.5,unknown,needs_review
sujin_fall_normal_01,sujin,sujin_fall_normal_01,unknown,sujin_fall_normal_01_fall_012,173,175,176.0,0.5,unknown,needs_review
sujin_fall_normal_02,sujin,sujin_fall_normal_02,unknown,sujin_fall_normal_02_fall_001,1,3,4.0,0.5,unknown,needs_review
sujin_fall_normal_02,sujin,sujin_fall_normal_02,unknown,sujin_fall_normal_02_fall_002,16,18,19.0,0.5,unknown,needs_review
sujin_fall_normal_02,sujin,sujin_fall_normal_02,unknown,sujin_fall_normal_02_fall_003,31,33,34.0,0.5,unknown,needs_review
sujin_fall_normal_02,sujin,sujin_fall_normal_02,unknown,sujin_fall_normal_02_fall_004,48,50,51.0,0.5,unknown,needs_review
sujin_fall_normal_02,sujin,sujin_fall_normal_02,unknown,sujin_fall_normal_02_fall_005,64,66,67.0,0.5,unknown,needs_review
sujin_fall_normal_02,sujin,sujin_fall_normal_02,unknown,sujin_fall_normal_02_fall_006,78,80,81.0,0.5,unknown,needs_review
sujin_fall_normal_02,sujin,sujin_fall_normal_02,unknown,sujin_fall_normal_02_fall_007,94,96,97.0,0.5,unknown,needs_review
sujin_fall_normal_02,sujin,sujin_fall_normal_02,unknown,sujin_fall_normal_02_fall_008,111,113,114.0,0.5,unknown,needs_review
sujin_fall_normal_03,sujin,sujin_fall_normal_03,unknown,sujin_fall_normal_03_fall_001,1,3,4.0,0.5,unknown,needs_review
sujin_fall_normal_04,sujin,sujin_fall_normal_04,unknown,sujin_fall_normal_04_fall_001,2,3,4.0,0.5,unknown,needs_review
sujin_fall_normal_05,sujin,sujin_fall_normal_05,unknown,sujin_fall_normal_05_fall_001,2,3,4.0,0.5,unknown,needs_review
sujin_fall_normal_06,sujin,sujin_fall_normal_06,unknown,sujin_fall_normal_06_fall_001,2,4,5.0,0.5,unknown,needs_review
sujin_fall_normal_07,sujin,sujin_fall_normal_07,unknown,sujin_fall_normal_07_fall_001,1,3,4.0,0.5,unknown,needs_review
sujin_fall_normal_08,sujin,sujin_fall_normal_08,unknown,sujin_fall_normal_08_fall_001,1,3,4.0,0.5,unknown,needs_review
sujin_fall_normal_09,sujin,sujin_fall_normal_09,unknown,sujin_fall_normal_09_fall_001,1,3,4.0,0.5,unknown,needs_review
sujin_fall_normal_10,sujin,sujin_fall_normal_10,unknown,sujin_fall_normal_10_fall_001,1,3,4.0,0.5,unknown,needs_review
sujin_fall_normal_11,sujin,sujin_fall_normal_11,unknown,sujin_fall_normal_11_fall_001,1,3,4.0,0.5,unknown,needs_review
sujin_fall_normal_12,sujin,sujin_fall_normal_12,unknown,sujin_fall_normal_12_fall_001,1,3,4.0,0.5,unknown,needs_review
sujin_fall_normal_13,sujin,sujin_fall_normal_13,unknown,sujin_fall_normal_13_fall_001,1,3,4.0,0.5,unknown,needs_review
sujin_fall_normal_14,sujin,sujin_fall_normal_14,unknown,sujin_fall_normal_14_fall_001,1,3,4.0,0.5,unknown,needs_review
sujin_fall_normal_15,sujin,sujin_fall_normal_15,unknown,sujin_fall_normal_15_fall_001,1,3,4.0,0.5,unknown,needs_review
sujin_fall_normal_16,sujin,sujin_fall_normal_16,unknown,sujin_fall_normal_16_fall_001,1,3,4.0,0.5,unknown,needs_review
sujin_fall_stay_down_01,sujin,sujin_fall_stay_down_01,unknown,sujin_fall_stay_down_01_fall_001,1,3,4.0,0.5,unknown,needs_review
sujin_fall_stay_down_01,sujin,sujin_fall_stay_down_01,unknown,sujin_fall_stay_down_01_fall_002,21,23,24.0,0.5,unknown,needs_review
sujin_fall_stay_down_01,sujin,sujin_fall_stay_down_01,unknown,sujin_fall_stay_down_01_fall_003,45,47,48.0,0.5,unknown,needs_review
sujin_fall_stay_down_01,sujin,sujin_fall_stay_down_01,unknown,sujin_fall_stay_down_01_fall_004,67,68,69.0,0.5,unknown,needs_review
sujin_fall_stay_down_01,sujin,sujin_fall_stay_down_01,unknown,sujin_fall_stay_down_01_fall_005,91,93,94.0,0.5,unknown,needs_review
sujin_fall_stay_down_01,sujin,sujin_fall_stay_down_01,unknown,sujin_fall_stay_down_01_fall_006,125,127,128.0,0.5,unknown,needs_review
sujin_fall_stay_down_01,sujin,sujin_fall_stay_down_01,unknown,sujin_fall_stay_down_01_fall_007,153,155,156.0,0.5,unknown,needs_review
sujin_fall_stay_down_01,sujin,sujin_fall_stay_down_01,unknown,sujin_fall_stay_down_01_fall_008,166,168,169.0,0.5,unknown,needs_review
sujin_fall_stay_down_02,sujin,sujin_fall_stay_down_02,unknown,sujin_fall_stay_down_02_fall_001,1,3,4.0,0.5,unknown,needs_review
sujin_fall_stay_down_03,sujin,sujin_fall_stay_down_03,unknown,sujin_fall_stay_down_03_fall_001,1,3,4.0,0.5,unknown,needs_review
sujin_fall_stay_down_04,sujin,sujin_fall_stay_down_04,unknown,sujin_fall_stay_down_04_fall_001,1,3,4.0,0.5,unknown,needs_review
sujin_fall_stay_down_05,sujin,sujin_fall_stay_down_05,unknown,sujin_fall_stay_down_05_fall_001,1,4,5.0,0.5,unknown,needs_review
yena_fall_normal_01,yena,yena_fall_normal_01,unknown,yena_fall_normal_01_fall_001,1,3,4.0,0.5,unknown,needs_review
yena_fall_normal_01,yena,yena_fall_normal_01,unknown,yena_fall_normal_01_fall_002,12,14,15.0,0.5,unknown,needs_review
yena_fall_normal_01,yena,yena_fall_normal_01,unknown,yena_fall_normal_01_fall_003,23,25,26.0,0.5,unknown,needs_review
yena_fall_normal_01,yena,yena_fall_normal_01,unknown,yena_fall_normal_01_fall_004,35,38,39.0,0.5,unknown,needs_review
yena_fall_normal_01,yena,yena_fall_normal_01,unknown,yena_fall_normal_01_fall_005,49,51,52.0,0.5,unknown,needs_review
yena_fall_normal_01,yena,yena_fall_normal_01,unknown,yena_fall_normal_01_fall_006,63,65,66.0,0.5,unknown,needs_review
yena_fall_normal_01,yena,yena_fall_normal_01,unknown,yena_fall_normal_01_fall_007,74,76,77.0,0.5,unknown,needs_review
yena_fall_normal_01,yena,yena_fall_normal_01,unknown,yena_fall_normal_01_fall_008,86,88,89.0,0.5,unknown,needs_review
yena_fall_normal_01,yena,yena_fall_normal_01,unknown,yena_fall_normal_01_fall_009,98,100,101.0,0.5,unknown,needs_review
yena_fall_normal_01,yena,yena_fall_normal_01,unknown,yena_fall_normal_01_fall_010,112,114,115.0,0.5,unknown,needs_review
yena_fall_normal_01,yena,yena_fall_normal_01,unknown,yena_fall_normal_01_fall_011,124,126,127.0,0.5,unknown,needs_review
yena_fall_normal_01,yena,yena_fall_normal_01,unknown,yena_fall_normal_01_fall_012,136,138,139.0,0.5,unknown,needs_review
yena_fall_normal_01,yena,yena_fall_normal_01,unknown,yena_fall_normal_01_fall_013,148,150,151.0,0.5,unknown,needs_review
yena_fall_normal_01,yena,yena_fall_normal_01,unknown,yena_fall_normal_01_fall_014,159,161,162.0,0.5,unknown,needs_review
yena_fall_normal_01,yena,yena_fall_normal_01,unknown,yena_fall_normal_01_fall_015,171,173,174.0,0.5,unknown,needs_review
yena_fall_normal_02,yena,yena_fall_normal_02,unknown,yena_fall_normal_02_fall_001,1,3,4.0,0.5,unknown,needs_review
yena_fall_normal_02,yena,yena_fall_normal_02,unknown,yena_fall_normal_02_fall_002,13,15,16.0,0.5,unknown,needs_review
yena_fall_normal_02,yena,yena_fall_normal_02,unknown,yena_fall_normal_02_fall_003,28,30,31.0,0.5,unknown,needs_review
yena_fall_normal_02,yena,yena_fall_normal_02,unknown,yena_fall_normal_02_fall_004,41,43,44.0,0.5,unknown,needs_review
yena_fall_normal_02,yena,yena_fall_normal_02,unknown,yena_fall_normal_02_fall_005,56,58,59.0,0.5,unknown,needs_review
yena_fall_normal_02,yena,yena_fall_normal_02,unknown,yena_fall_normal_02_fall_006,73,75,76.0,0.5,unknown,needs_review
yena_fall_normal_02,yena,yena_fall_normal_02,unknown,yena_fall_normal_02_fall_007,90,92,93.0,0.5,unknown,needs_review
yena_fall_normal_02,yena,yena_fall_normal_02,unknown,yena_fall_normal_02_fall_008,105,107,108.0,0.5,unknown,needs_review
yena_fall_normal_02,yena,yena_fall_normal_02,unknown,yena_fall_normal_02_fall_009,124,126,127.0,0.5,unknown,needs_review
yena_fall_normal_02,yena,yena_fall_normal_02,unknown,yena_fall_normal_02_fall_010,140,142,143.0,0.5,unknown,needs_review
yena_fall_normal_02,yena,yena_fall_normal_02,unknown,yena_fall_normal_02_fall_011,155,157,158.0,0.5,unknown,needs_review
yena_fall_normal_02,yena,yena_fall_normal_02,unknown,yena_fall_normal_02_fall_012,168,170,171.0,0.5,unknown,needs_review
yena_fall_normal_03,yena,yena_fall_normal_03,unknown,yena_fall_normal_03_fall_001,1,2,3.0,0.5,unknown,needs_review
yena_fall_normal_03,yena,yena_fall_normal_03,unknown,yena_fall_normal_03_fall_002,15,17,18.0,0.5,unknown,needs_review
yena_fall_normal_03,yena,yena_fall_normal_03,unknown,yena_fall_normal_03_fall_003,31,33,34.0,0.5,unknown,needs_review
yena_fall_normal_03,yena,yena_fall_normal_03,unknown,yena_fall_normal_03_fall_004,48,50,51.0,0.5,unknown,needs_review
yena_fall_normal_03,yena,yena_fall_normal_03,unknown,yena_fall_normal_03_fall_005,65,67,68.0,0.5,unknown,needs_review
yena_fall_normal_03,yena,yena_fall_normal_03,unknown,yena_fall_normal_03_fall_006,82,83,84.0,0.5,unknown,needs_review
yena_fall_normal_03,yena,yena_fall_normal_03,unknown,yena_fall_normal_03_fall_007,95,97,98.0,0.5,unknown,needs_review
yena_fall_normal_03,yena,yena_fall_normal_03,unknown,yena_fall_normal_03_fall_008,106,108,109.0,0.5,unknown,needs_review
yena_fall_normal_04,yena,yena_fall_normal_04,unknown,yena_fall_normal_04_fall_001,1,3,4.0,0.5,unknown,needs_review
yena_fall_normal_05,yena,yena_fall_normal_05,unknown,yena_fall_normal_05_fall_001,1,3,4.0,0.5,unknown,needs_review
yena_fall_normal_06,yena,yena_fall_normal_06,unknown,yena_fall_normal_06_fall_001,1,3,4.0,0.5,unknown,needs_review
yena_fall_normal_07,yena,yena_fall_normal_07,unknown,yena_fall_normal_07_fall_001,1,3,4.0,0.5,unknown,needs_review
yena_fall_normal_08,yena,yena_fall_normal_08,unknown,yena_fall_normal_08_fall_001,1,3,4.0,0.5,unknown,needs_review
yena_fall_normal_09,yena,yena_fall_normal_09,unknown,yena_fall_normal_09_fall_001,1,3,4.0,0.5,unknown,needs_review
yena_fall_normal_10,yena,yena_fall_normal_10,unknown,yena_fall_normal_10_fall_001,1,3,4.0,0.5,unknown,needs_review
yena_fall_normal_11,yena,yena_fall_normal_11,unknown,yena_fall_normal_11_fall_001,1,3,4.0,0.5,unknown,needs_review
yena_fall_normal_12,yena,yena_fall_normal_12,unknown,yena_fall_normal_12_fall_001,1,3,4.0,0.5,unknown,needs_review
yena_fall_normal_13,yena,yena_fall_normal_13,unknown,yena_fall_normal_13_fall_001,1,3,4.0,0.5,unknown,needs_review
yena_fall_normal_14,yena,yena_fall_normal_14,unknown,yena_fall_normal_14_fall_001,1,3,4.0,0.5,unknown,needs_review
yena_fall_normal_15,yena,yena_fall_normal_15,unknown,yena_fall_normal_15_fall_001,1,3,4.0,0.5,unknown,needs_review
yena_fall_normal_16,yena,yena_fall_normal_16,unknown,yena_fall_normal_16_fall_001,1,3,4.0,0.5,unknown,needs_review
yena_fall_normal_17,yena,yena_fall_normal_17,unknown,yena_fall_normal_17_fall_001,1,3,4.0,0.5,unknown,needs_review
yena_fall_stay_down_01,yena,yena_fall_stay_down_01,unknown,yena_fall_stay_down_01_fall_001,1,3,4.0,0.5,unknown,needs_review
yena_fall_stay_down_01,yena,yena_fall_stay_down_01,unknown,yena_fall_stay_down_01_fall_002,26,28,29.0,0.5,unknown,needs_review
yena_fall_stay_down_01,yena,yena_fall_stay_down_01,unknown,yena_fall_stay_down_01_fall_003,52,54,55.0,0.5,unknown,needs_review
yena_fall_stay_down_01,yena,yena_fall_stay_down_01,unknown,yena_fall_stay_down_01_fall_004,78,80,81.0,0.5,unknown,needs_review
yena_fall_stay_down_01,yena,yena_fall_stay_down_01,unknown,yena_fall_stay_down_01_fall_005,103,105,106.0,0.5,unknown,needs_review
yena_fall_stay_down_01,yena,yena_fall_stay_down_01,unknown,yena_fall_stay_down_01_fall_006,138,140,141.0,0.5,unknown,needs_review
yena_fall_stay_down_01,yena,yena_fall_stay_down_01,unknown,yena_fall_stay_down_01_fall_007,158,160,161.0,0.5,unknown,needs_review
yena_fall_stay_down_02,yena,yena_fall_stay_down_02,unknown,yena_fall_stay_down_02_fall_001,1,3,4.0,0.5,unknown,needs_review
yena_fall_stay_down_03,yena,yena_fall_stay_down_03,unknown,yena_fall_stay_down_03_fall_001,1,3,4.0,0.5,unknown,needs_review
yena_fall_stay_down_04,yena,yena_fall_stay_down_04,unknown,yena_fall_stay_down_04_fall_001,1,3,4.0,0.5,unknown,needs_review
yena_fall_stay_down_05,yena,yena_fall_stay_down_05,unknown,yena_fall_stay_down_05_fall_001,1,3,4.0,0.5,unknown,needs_review
yena_test_02,yena,yena_test_02,unknown,yena_test_02_fall_001,96,99,100.0,0.5,unknown,needs_review
yena_test_04,yena,yena_test_04,unknown,yena_test_04_fall_001,1,4,5.0,0.5,unknown,needs_review
