sample_id,event_id,onset_sec,impact_sec,csi_peak_sec,peak_offset_from_onset_sec,peak_strength_mad,flag,review_status
hoyeon_fall_normal_01,hoyeon_fall_normal_01_fall_001,0.0,2.0,1.2,1.2,2.9,near_recording_start,needs_review
hoyeon_fall_normal_01,hoyeon_fall_normal_01_fall_002,11.0,13.0,12.8,1.8,1.72,weak_motion,needs_review
hoyeon_fall_normal_01,hoyeon_fall_normal_01_fall_003,20.0,23.0,22.5,2.5,2.53,,needs_review
hoyeon_fall_normal_01,hoyeon_fall_normal_01_fall_004,32.0,35.0,33.9,1.9,2.53,,needs_review
hoyeon_fall_normal_01,hoyeon_fall_normal_01_fall_005,47.0,49.0,45.8,-1.2,2.12,,needs_review
hoyeon_fall_normal_01,hoyeon_fall_normal_01_fall_006,61.0,63.0,62.6,1.6,3.25,,needs_review
hoyeon_fall_normal_01,hoyeon_fall_normal_01_fall_007,74.0,76.0,72.8,-1.2,2.43,,needs_review
hoyeon_fall_normal_01,hoyeon_fall_normal_01_fall_008,87.0,89.0,86.0,-1.0,4.46,,needs_review
hoyeon_fall_normal_01,hoyeon_fall_normal_01_fall_009,101.0,102.0,102.2,1.2,3.06,,needs_review
hoyeon_fall_normal_01,hoyeon_fall_normal_01_fall_010,116.0,118.0,117.7,1.7,3.38,,needs_review
hoyeon_fall_normal_01,hoyeon_fall_normal_01_fall_011,131.0,133.0,130.5,-0.5,3.04,,needs_review
sujin_fall_normal_01,sujin_fall_normal_01_fall_001,1.0,2.0,2.0,1.0,3.82,near_recording_start,needs_review
sujin_fall_normal_01,sujin_fall_normal_01_fall_002,13.0,15.0,11.4,-1.6,7.74,peak_far_from_label,needs_review
sujin_fall_normal_01,sujin_fall_normal_01_fall_003,28.0,30.0,29.6,1.6,3.81,,needs_review
sujin_fall_normal_01,sujin_fall_normal_01_fall_004,40.0,42.0,37.6,-2.4,4.99,peak_far_from_label,needs_review
sujin_fall_normal_01,sujin_fall_normal_01_fall_005,58.0,60.0,56.4,-1.6,4.66,peak_far_from_label,needs_review
sujin_fall_normal_01,sujin_fall_normal_01_fall_006,82.0,84.0,83.7,1.7,3.91,,needs_review
sujin_fall_normal_01,sujin_fall_normal_01_fall_007,98.0,100.0,97.5,-0.5,4.83,,needs_review
sujin_fall_normal_01,sujin_fall_normal_01_fall_008,115.0,117.0,112.3,-2.7,5.83,peak_far_from_label,needs_review
sujin_fall_normal_01,sujin_fall_normal_01_fall_009,130.0,132.0,129.4,-0.6,4.8,,needs_review
sujin_fall_normal_01,sujin_fall_normal_01_fall_010,148.0,150.0,145.0,-3.0,5.06,peak_far_from_label,needs_review
sujin_fall_normal_01,sujin_fall_normal_01_fall_011,165.0,167.0,166.3,1.3,5.02,,needs_review
sujin_fall_normal_01,sujin_fall_normal_01_fall_012,173.0,175.0,175.1,2.1,3.49,,needs_review
sujin_fall_normal_02,sujin_fall_normal_02_fall_001,1.0,3.0,3.1,2.1,2.88,near_recording_start,needs_review
sujin_fall_normal_02,sujin_fall_normal_02_fall_002,16.0,18.0,17.1,1.1,6.77,,needs_review
sujin_fall_normal_02,sujin_fall_normal_02_fall_003,31.0,33.0,32.5,1.5,4.81,,needs_review
sujin_fall_normal_02,sujin_fall_normal_02_fall_004,48.0,50.0,47.3,-0.7,11.2,,needs_review
sujin_fall_normal_02,sujin_fall_normal_02_fall_005,64.0,66.0,63.8,-0.2,6.58,,needs_review
sujin_fall_normal_02,sujin_fall_normal_02_fall_006,78.0,80.0,76.0,-2.0,10.99,peak_far_from_label,needs_review
sujin_fall_normal_02,sujin_fall_normal_02_fall_007,94.0,96.0,95.3,1.3,7.93,,needs_review
sujin_fall_normal_02,sujin_fall_normal_02_fall_008,111.0,113.0,110.3,-0.7,6.06,,needs_review
sujin_fall_normal_03,sujin_fall_normal_03_fall_001,1.0,3.0,3.2,2.2,2.4,near_recording_start,needs_review
sujin_fall_normal_04,sujin_fall_normal_04_fall_001,2.0,3.0,3.1,1.1,5.4,near_recording_start,needs_review
sujin_fall_normal_05,sujin_fall_normal_05_fall_001,2.0,3.0,2.8,0.8,2.96,near_recording_start,needs_review
sujin_fall_normal_06,sujin_fall_normal_06_fall_001,2.0,4.0,3.4,1.4,4.81,near_recording_start,needs_review
sujin_fall_normal_07,sujin_fall_normal_07_fall_001,1.0,3.0,2.7,1.7,3.69,near_recording_start,needs_review
sujin_fall_normal_08,sujin_fall_normal_08_fall_001,1.0,3.0,3.5,2.5,6.88,near_recording_start,needs_review
sujin_fall_normal_09,sujin_fall_normal_09_fall_001,1.0,3.0,1.7,0.7,1.54,weak_motion|near_recording_start,needs_review
sujin_fall_normal_10,sujin_fall_normal_10_fall_001,1.0,3.0,2.9,1.9,4.78,near_recording_start,needs_review
sujin_fall_normal_11,sujin_fall_normal_11_fall_001,1.0,3.0,2.2,1.2,3.5,near_recording_start,needs_review
sujin_fall_normal_12,sujin_fall_normal_12_fall_001,1.0,3.0,2.8,1.8,7.71,near_recording_start,needs_review
sujin_fall_normal_13,sujin_fall_normal_13_fall_001,1.0,3.0,2.6,1.6,4.65,near_recording_start,needs_review
sujin_fall_normal_14,sujin_fall_normal_14_fall_001,1.0,3.0,2.8,1.8,5.07,near_recording_start,needs_review
sujin_fall_normal_15,sujin_fall_normal_15_fall_001,1.0,3.0,3.0,2.0,3.29,near_recording_start,needs_review
sujin_fall_normal_16,sujin_fall_normal_16_fall_001,1.0,3.0,3.2,2.2,5.92,near_recording_start,needs_review
sujin_fall_stay_down_01,sujin_fall_stay_down_01_fall_001,1.0,3.0,2.5,1.5,9.86,near_recording_start,needs_review
sujin_fall_stay_down_01,sujin_fall_stay_down_01_fall_002,21.0,23.0,22.3,1.3,13.47,,needs_review
sujin_fall_stay_down_01,sujin_fall_stay_down_01_fall_003,45.0,47.0,46.3,1.3,20.57,,needs_review
sujin_fall_stay_down_01,sujin_fall_stay_down_01_fall_004,67.0,68.0,65.3,-1.7,14.23,peak_far_from_label,needs_review
sujin_fall_stay_down_01,sujin_fall_stay_down_01_fall_005,91.0,93.0,93.1,2.1,9.69,,needs_review
sujin_fall_stay_down_01,sujin_fall_stay_down_01_fall_006,125.0,127.0,124.5,-0.5,18.34,,needs_review
sujin_fall_stay_down_01,sujin_fall_stay_down_01_fall_007,153.0,155.0,153.5,0.5,11.29,,needs_review
sujin_fall_stay_down_01,sujin_fall_stay_down_01_fall_008,166.0,168.0,165.8,-0.2,12.49,,needs_review
sujin_fall_stay_down_02,sujin_fall_stay_down_02_fall_001,1.0,3.0,2.9,1.9,5.32,near_recording_start,needs_review
sujin_fall_stay_down_03,sujin_fall_stay_down_03_fall_001,1.0,3.0,2.5,1.5,7.35,near_recording_start,needs_review
sujin_fall_stay_down_04,sujin_fall_stay_down_04_fall_001,1.0,3.0,2.3,1.3,13.73,near_recording_start,needs_review
sujin_fall_stay_down_05,sujin_fall_stay_down_05_fall_001,1.0,4.0,3.3,2.3,22.83,near_recording_start,needs_review
yena_fall_normal_01,yena_fall_normal_01_fall_001,1.0,3.0,2.5,1.5,1.87,weak_motion|near_recording_start,needs_review
yena_fall_normal_01,yena_fall_normal_01_fall_002,12.0,14.0,11.5,-0.5,4.93,,needs_review
yena_fall_normal_01,yena_fall_normal_01_fall_003,23.0,25.0,21.1,-1.9,3.02,peak_far_from_label,needs_review
yena_fall_normal_01,yena_fall_normal_01_fall_004,35.0,38.0,35.3,0.3,3.71,,needs_review
yena_fall_normal_01,yena_fall_normal_01_fall_005,49.0,51.0,47.8,-1.2,2.6,,needs_review
yena_fall_normal_01,yena_fall_normal_01_fall_006,63.0,65.0,62.1,-0.9,3.46,,needs_review
yena_fall_normal_01,yena_fall_normal_01_fall_007,74.0,76.0,73.1,-0.9,2.59,,needs_review
yena_fall_normal_01,yena_fall_normal_01_fall_008,86.0,88.0,84.5,-1.5,2.8,,needs_review
yena_fall_normal_01,yena_fall_normal_01_fall_009,98.0,100.0,97.1,-0.9,3.38,,needs_review
yena_fall_normal_01,yena_fall_normal_01_fall_010,112.0,114.0,111.0,-1.0,3.16,,needs_review
yena_fall_normal_01,yena_fall_normal_01_fall_011,124.0,126.0,122.4,-1.6,2.52,peak_far_from_label,needs_review
yena_fall_normal_01,yena_fall_normal_01_fall_012,136.0,138.0,135.0,-1.0,1.83,weak_motion,needs_review
yena_fall_normal_01,yena_fall_normal_01_fall_013,148.0,150.0,149.7,1.7,1.96,weak_motion,needs_review
yena_fall_normal_01,yena_fall_normal_01_fall_014,159.0,161.0,157.2,-1.8,3.54,peak_far_from_label,needs_review
yena_fall_normal_01,yena_fall_normal_01_fall_015,171.0,173.0,169.0,-2.0,2.48,peak_far_from_label,needs_review
yena_fall_normal_02,yena_fall_normal_02_fall_001,1.0,3.0,1.0,0.0,1.12,weak_motion|near_recording_start,needs_review
yena_fall_normal_02,yena_fall_normal_02_fall_002,13.0,15.0,10.9,-2.1,4.14,peak_far_from_label,needs_review
yena_fall_normal_02,yena_fall_normal_02_fall_003,28.0,30.0,29.4,1.4,2.95,,needs_review
yena_fall_normal_02,yena_fall_normal_02_fall_004,41.0,43.0,39.7,-1.3,4.18,,needs_review
yena_fall_normal_02,yena_fall_normal_02_fall_005,56.0,58.0,56.0,0.0,4.49,,needs_review
yena_fall_normal_02,yena_fall_normal_02_fall_006,73.0,75.0,72.9,-0.1,3.99,,needs_review
yena_fall_normal_02,yena_fall_normal_02_fall_007,90.0,92.0,88.0,-2.0,3.86,peak_far_from_label,needs_review
yena_fall_normal_02,yena_fall_normal_02_fall_008,105.0,107.0,104.4,-0.6,2.69,,needs_review
yena_fall_normal_02,yena_fall_normal_02_fall_009,124.0,126.0,125.4,1.4,3.26,,needs_review
yena_fall_normal_02,yena_fall_normal_02_fall_010,140.0,142.0,139.4,-0.6,2.38,,needs_review
yena_fall_normal_02,yena_fall_normal_02_fall_011,155.0,157.0,157.1,2.1,3.19,,needs_review
yena_fall_normal_02,yena_fall_normal_02_fall_012,168.0,170.0,167.4,-0.6,2.57,,needs_review
yena_fall_normal_03,yena_fall_normal_03_fall_001,1.0,2.0,1.8,0.8,4.61,near_recording_start,needs_review
yena_fall_normal_03,yena_fall_normal_03_fall_002,15.0,17.0,13.0,-2.0,3.95,peak_far_from_label,needs_review
yena_fall_normal_03,yena_fall_normal_03_fall_003,31.0,33.0,30.5,-0.5,4.77,,needs_review
yena_fall_normal_03,yena_fall_normal_03_fall_004,48.0,50.0,46.3,-1.7,4.4,peak_far_from_label,needs_review
yena_fall_normal_03,yena_fall_normal_03_fall_005,65.0,67.0,64.8,-0.2,4.32,,needs_review
yena_fall_normal_03,yena_fall_normal_03_fall_006,82.0,83.0,79.6,-2.4,5.26,peak_far_from_label,needs_review
yena_fall_normal_03,yena_fall_normal_03_fall_007,95.0,97.0,96.9,1.9,3.44,,needs_review
yena_fall_normal_03,yena_fall_normal_03_fall_008,106.0,108.0,107.9,1.9,2.56,,needs_review
yena_fall_normal_04,yena_fall_normal_04_fall_001,1.0,3.0,2.8,1.8,2.56,near_recording_start,needs_review
yena_fall_normal_05,yena_fall_normal_05_fall_001,1.0,3.0,2.7,1.7,1.83,weak_motion|near_recording_start,needs_review
yena_fall_normal_06,yena_fall_normal_06_fall_001,1.0,3.0,2.7,1.7,3.62,near_recording_start,needs_review
yena_fall_normal_07,yena_fall_normal_07_fall_001,1.0,3.0,2.5,1.5,3.03,near_recording_start,needs_review
yena_fall_normal_08,yena_fall_normal_08_fall_001,1.0,3.0,2.5,1.5,2.89,near_recording_start,needs_review
yena_fall_normal_09,yena_fall_normal_09_fall_001,1.0,3.0,1.6,0.6,4.72,near_recording_start,needs_review
yena_fall_normal_10,yena_fall_normal_10_fall_001,1.0,3.0,1.6,0.6,2.75,near_recording_start,needs_review
yena_fall_normal_11,yena_fall_normal_11_fall_001,1.0,3.0,2.7,1.7,3.94,near_recording_start,needs_review
yena_fall_normal_12,yena_fall_normal_12_fall_001,1.0,3.0,2.0,1.0,3.26,near_recording_start,needs_review
yena_fall_normal_13,yena_fall_normal_13_fall_001,1.0,3.0,1.8,0.8,2.46,near_recording_start,needs_review
yena_fall_normal_14,yena_fall_normal_14_fall_001,1.0,3.0,2.6,1.6,2.32,near_recording_start,needs_review
yena_fall_normal_15,yena_fall_normal_15_fall_001,1.0,3.0,2.0,1.0,2.91,near_recording_start,needs_review
yena_fall_normal_16,yena_fall_normal_16_fall_001,1.0,3.0,2.1,1.1,2.99,near_recording_start,needs_review
yena_fall_normal_17,yena_fall_normal_17_fall_001,1.0,3.0,2.2,1.2,3.5,near_recording_start,needs_review
yena_fall_stay_down_01,yena_fall_stay_down_01_fall_001,1.0,3.0,1.5,0.5,5.42,near_recording_start,needs_review
yena_fall_stay_down_01,yena_fall_stay_down_01_fall_002,26.0,28.0,25.7,-0.3,7.78,,needs_review
yena_fall_stay_down_01,yena_fall_stay_down_01_fall_003,52.0,54.0,50.2,-1.8,6.87,peak_far_from_label,needs_review
yena_fall_stay_down_01,yena_fall_stay_down_01_fall_004,78.0,80.0,78.4,0.4,8.0,,needs_review
yena_fall_stay_down_01,yena_fall_stay_down_01_fall_005,103.0,105.0,104.6,1.6,6.53,,needs_review
yena_fall_stay_down_01,yena_fall_stay_down_01_fall_006,138.0,140.0,136.8,-1.2,11.46,,needs_review
yena_fall_stay_down_01,yena_fall_stay_down_01_fall_007,158.0,160.0,157.8,-0.2,8.93,,needs_review
yena_fall_stay_down_02,yena_fall_stay_down_02_fall_001,1.0,3.0,2.9,1.9,15.76,near_recording_start,needs_review
yena_fall_stay_down_03,yena_fall_stay_down_03_fall_001,1.0,3.0,2.5,1.5,5.65,near_recording_start,needs_review
yena_fall_stay_down_04,yena_fall_stay_down_04_fall_001,1.0,3.0,2.1,1.1,20.2,near_recording_start,needs_review
yena_fall_stay_down_05,yena_fall_stay_down_05_fall_001,1.0,3.0,2.2,1.2,23.97,near_recording_start,needs_review
yena_test_02,yena_test_02_fall_001,96.0,99.0,95.1,-0.9,5.63,,needs_review
yena_test_04,yena_test_04_fall_001,1.0,4.0,3.0,2.0,10.91,near_recording_start,needs_review
