sample_id,person,action,first_stage_split,path,frames,valid_frames,segments,duration_sec,out_of_range_ratio,variant,source_checkpoint,scaler_id
hoyeon_fall_normal_01,hoyeon,fall_normal,train,hoyeon_fall_normal_01.npz,1809,1790,1,180.8000030517578,0.0,v2,carewave_315_v2_best.pt#66284435c8c2f358,csi_robust_scaler_train_only.npz#725cf1d4e075bc40
hoyeon_free_activity_normal_01,hoyeon,free_activity_normal,train,hoyeon_free_activity_normal_01.npz,1802,1783,1,180.10000610351562,0.0,v2,carewave_315_v2_best.pt#66284435c8c2f358,csi_robust_scaler_train_only.npz#725cf1d4e075bc40
hoyeon_sit_normal_01,hoyeon,sit_normal,train,hoyeon_sit_normal_01.npz,1205,1186,1,120.4000015258789,0.0,v2,carewave_315_v2_best.pt#66284435c8c2f358,csi_robust_scaler_train_only.npz#725cf1d4e075bc40
hoyeon_stand_normal_01,hoyeon,stand_normal,train,hoyeon_stand_normal_01.npz,1210,1191,1,120.9000015258789,0.0,v2,carewave_315_v2_best.pt#66284435c8c2f358,csi_robust_scaler_train_only.npz#725cf1d4e075bc40
hoyeon_walk_large_motion_01,hoyeon,walk_large_motion,train,hoyeon_walk_large_motion_01.npz,1806,1787,1,180.5,0.0,v2,carewave_315_v2_best.pt#66284435c8c2f358,csi_robust_scaler_train_only.npz#725cf1d4e075bc40
hoyeon_walk_normal_01,hoyeon,walk_normal,train,hoyeon_walk_normal_01.npz,1207,1188,1,120.5999984741211,0.0,v2,carewave_315_v2_best.pt#66284435c8c2f358,csi_robust_scaler_train_only.npz#725cf1d4e075bc40
sujin_bending_normal_02,sujin,bending_normal,train,sujin_bending_normal_02.npz,1800,1781,1,179.89999389648438,0.0,v2,carewave_315_v2_best.pt#66284435c8c2f358,csi_robust_scaler_train_only.npz#725cf1d4e075bc40
sujin_chair_sit_variation_01,sujin,chair_sit_variation,train,sujin_chair_sit_variation_01.npz,1806,1787,1,180.5,0.0,v2,carewave_315_v2_best.pt#66284435c8c2f358,csi_robust_scaler_train_only.npz#725cf1d4e075bc40
sujin_chair_sit_variation_02,sujin,chair_sit_variation,train,sujin_chair_sit_variation_02.npz,128,109,1,12.699999809265137,0.0,v2,carewave_315_v2_best.pt#66284435c8c2f358,csi_robust_scaler_train_only.npz#725cf1d4e075bc40
sujin_chair_sit_variation_03,sujin,chair_sit_variation,train,sujin_chair_sit_variation_03.npz,133,114,1,13.199999809265137,0.0,v2,carewave_315_v2_best.pt#66284435c8c2f358,csi_robust_scaler_train_only.npz#725cf1d4e075bc40
sujin_fall_normal_01,sujin,fall_normal,train,sujin_fall_normal_01.npz,1800,1781,1,179.89999389648438,0.0,v2,carewave_315_v2_best.pt#66284435c8c2f358,csi_robust_scaler_train_only.npz#725cf1d4e075bc40
sujin_fall_normal_02,sujin,fall_normal,train,sujin_fall_normal_02.npz,1202,1183,1,120.0999984741211,0.0,v2,carewave_315_v2_best.pt#66284435c8c2f358,csi_robust_scaler_train_only.npz#725cf1d4e075bc40
sujin_fall_normal_03,sujin,fall_normal,train,sujin_fall_normal_03.npz,125,106,1,12.399999618530273,0.0,v2,carewave_315_v2_best.pt#66284435c8c2f358,csi_robust_scaler_train_only.npz#725cf1d4e075bc40
sujin_fall_normal_06,sujin,fall_normal,train,sujin_fall_normal_06.npz,128,109,1,12.699999809265137,0.0,v2,carewave_315_v2_best.pt#66284435c8c2f358,csi_robust_scaler_train_only.npz#725cf1d4e075bc40
sujin_fall_normal_07,sujin,fall_normal,train,sujin_fall_normal_07.npz,129,110,1,12.800000190734863,0.0,v2,carewave_315_v2_best.pt#66284435c8c2f358,csi_robust_scaler_train_only.npz#725cf1d4e075bc40
sujin_fall_normal_08,sujin,fall_normal,train,sujin_fall_normal_08.npz,128,109,1,12.699999809265137,0.0,v2,carewave_315_v2_best.pt#66284435c8c2f358,csi_robust_scaler_train_only.npz#725cf1d4e075bc40
sujin_fall_normal_09,sujin,fall_normal,train,sujin_fall_normal_09.npz,127,108,1,12.600000381469727,0.0,v2,carewave_315_v2_best.pt#66284435c8c2f358,csi_robust_scaler_train_only.npz#725cf1d4e075bc40
sujin_fall_normal_10,sujin,fall_normal,train,sujin_fall_normal_10.npz,131,112,1,13.0,0.0,v2,carewave_315_v2_best.pt#66284435c8c2f358,csi_robust_scaler_train_only.npz#725cf1d4e075bc40
sujin_fall_normal_11,sujin,fall_normal,train,sujin_fall_normal_11.npz,127,108,1,12.600000381469727,0.0,v2,carewave_315_v2_best.pt#66284435c8c2f358,csi_robust_scaler_train_only.npz#725cf1d4e075bc40
sujin_fall_normal_12,sujin,fall_normal,train,sujin_fall_normal_12.npz,156,137,1,15.5,0.0,v2,carewave_315_v2_best.pt#66284435c8c2f358,csi_robust_scaler_train_only.npz#725cf1d4e075bc40
sujin_fall_normal_13,sujin,fall_normal,train,sujin_fall_normal_13.npz,129,110,1,12.800000190734863,0.0,v2,carewave_315_v2_best.pt#66284435c8c2f358,csi_robust_scaler_train_only.npz#725cf1d4e075bc40
sujin_fall_normal_14,sujin,fall_normal,train,sujin_fall_normal_14.npz,130,111,1,12.899999618530273,0.0,v2,carewave_315_v2_best.pt#66284435c8c2f358,csi_robust_scaler_train_only.npz#725cf1d4e075bc40
sujin_fall_normal_15,sujin,fall_normal,train,sujin_fall_normal_15.npz,128,109,1,12.699999809265137,0.0,v2,carewave_315_v2_best.pt#66284435c8c2f358,csi_robust_scaler_train_only.npz#725cf1d4e075bc40
sujin_fall_normal_16,sujin,fall_normal,train,sujin_fall_normal_16.npz,126,107,1,12.5,0.0,v2,carewave_315_v2_best.pt#66284435c8c2f358,csi_robust_scaler_train_only.npz#725cf1d4e075bc40
sujin_fall_stay_down_01,sujin,fall_stay_down,train,sujin_fall_stay_down_01.npz,1816,1797,1,181.5,0.0,v2,carewave_315_v2_best.pt#66284435c8c2f358,csi_robust_scaler_train_only.npz#725cf1d4e075bc40
sujin_fall_stay_down_02,sujin,fall_stay_down,train,sujin_fall_stay_down_02.npz,111,92,1,11.0,0.0,v2,carewave_315_v2_best.pt#66284435c8c2f358,csi_robust_scaler_train_only.npz#725cf1d4e075bc40
sujin_fall_stay_down_05,sujin,fall_stay_down,train,sujin_fall_stay_down_05.npz,99,80,1,9.800000190734863,0.0,v2,carewave_315_v2_best.pt#66284435c8c2f358,csi_robust_scaler_train_only.npz#725cf1d4e075bc40
sujin_free_activity_03,sujin,free_activity,train,sujin_free_activity_03.npz,3006,2987,1,300.5,0.0,v2,carewave_315_v2_best.pt#66284435c8c2f358,csi_robust_scaler_train_only.npz#725cf1d4e075bc40
sujin_free_activity_normal_02,sujin,free_activity_normal,train,sujin_free_activity_normal_02.npz,3004,2985,1,300.29998779296875,0.0,v2,carewave_315_v2_best.pt#66284435c8c2f358,csi_robust_scaler_train_only.npz#725cf1d4e075bc40
sujin_lie_down_normal_01,sujin,lie_down_normal,train,sujin_lie_down_normal_01.npz,1802,1783,1,180.10000610351562,0.0,v2,carewave_315_v2_best.pt#66284435c8c2f358,csi_robust_scaler_train_only.npz#725cf1d4e075bc40
sujin_pick_up_normal_02,sujin,pick_up_normal,train,sujin_pick_up_normal_02.npz,1803,1784,1,180.1999969482422,0.0,v2,carewave_315_v2_best.pt#66284435c8c2f358,csi_robust_scaler_train_only.npz#725cf1d4e075bc40
sujin_pick_up_normal_03,sujin,pick_up_normal,train,sujin_pick_up_normal_03.npz,131,112,1,13.0,0.0,v2,carewave_315_v2_best.pt#66284435c8c2f358,csi_robust_scaler_train_only.npz#725cf1d4e075bc40
sujin_pick_up_normal_04,sujin,pick_up_normal,train,sujin_pick_up_normal_04.npz,127,108,1,12.600000381469727,0.0,v2,carewave_315_v2_best.pt#66284435c8c2f358,csi_robust_scaler_train_only.npz#725cf1d4e075bc40
sujin_pick_up_normal_05,sujin,pick_up_normal,train,sujin_pick_up_normal_05.npz,128,109,1,12.699999809265137,0.0,v2,carewave_315_v2_best.pt#66284435c8c2f358,csi_robust_scaler_train_only.npz#725cf1d4e075bc40
sujin_pick_up_normal_06,sujin,pick_up_normal,train,sujin_pick_up_normal_06.npz,129,110,1,12.800000190734863,0.0,v2,carewave_315_v2_best.pt#66284435c8c2f358,csi_robust_scaler_train_only.npz#725cf1d4e075bc40
sujin_pick_up_normal_07,sujin,pick_up_normal,train,sujin_pick_up_normal_07.npz,133,114,1,13.199999809265137,0.0,v2,carewave_315_v2_best.pt#66284435c8c2f358,csi_robust_scaler_train_only.npz#725cf1d4e075bc40
sujin_pick_up_normal_08,sujin,pick_up_normal,train,sujin_pick_up_normal_08.npz,129,110,1,12.800000190734863,0.0,v2,carewave_315_v2_best.pt#66284435c8c2f358,csi_robust_scaler_train_only.npz#725cf1d4e075bc40
sujin_pick_up_normal_09,sujin,pick_up_normal,train,sujin_pick_up_normal_09.npz,127,108,1,12.600000381469727,0.0,v2,carewave_315_v2_best.pt#66284435c8c2f358,csi_robust_scaler_train_only.npz#725cf1d4e075bc40
sujin_pick_up_normal_10,sujin,pick_up_normal,train,sujin_pick_up_normal_10.npz,126,107,1,12.5,0.0,v2,carewave_315_v2_best.pt#66284435c8c2f358,csi_robust_scaler_train_only.npz#725cf1d4e075bc40
sujin_pick_up_normal_11,sujin,pick_up_normal,train,sujin_pick_up_normal_11.npz,130,111,1,12.899999618530273,0.0,v2,carewave_315_v2_best.pt#66284435c8c2f358,csi_robust_scaler_train_only.npz#725cf1d4e075bc40
sujin_pick_up_variation_01,sujin,pick_up_variation,train,sujin_pick_up_variation_01.npz,1804,1785,1,180.3000030517578,0.0,v2,carewave_315_v2_best.pt#66284435c8c2f358,csi_robust_scaler_train_only.npz#725cf1d4e075bc40
sujin_pick_up_variation_02,sujin,pick_up_variation,train,sujin_pick_up_variation_02.npz,130,111,1,12.899999618530273,0.0,v2,carewave_315_v2_best.pt#66284435c8c2f358,csi_robust_scaler_train_only.npz#725cf1d4e075bc40
sujin_pick_up_variation_03,sujin,pick_up_variation,train,sujin_pick_up_variation_03.npz,128,109,1,12.699999809265137,0.0,v2,carewave_315_v2_best.pt#66284435c8c2f358,csi_robust_scaler_train_only.npz#725cf1d4e075bc40
sujin_pick_up_variation_04,sujin,pick_up_variation,train,sujin_pick_up_variation_04.npz,127,108,1,12.600000381469727,0.0,v2,carewave_315_v2_best.pt#66284435c8c2f358,csi_robust_scaler_train_only.npz#725cf1d4e075bc40
sujin_pick_up_variation_05,sujin,pick_up_variation,train,sujin_pick_up_variation_05.npz,126,107,1,12.5,0.0,v2,carewave_315_v2_best.pt#66284435c8c2f358,csi_robust_scaler_train_only.npz#725cf1d4e075bc40
sujin_sit_normal_01,sujin,sit_normal,train,sujin_sit_normal_01.npz,1216,1197,1,121.5,0.0,v2,carewave_315_v2_best.pt#66284435c8c2f358,csi_robust_scaler_train_only.npz#725cf1d4e075bc40
sujin_sit_normal_03,sujin,sit_normal,train,sujin_sit_normal_03.npz,129,110,1,12.800000190734863,0.0,v2,carewave_315_v2_best.pt#66284435c8c2f358,csi_robust_scaler_train_only.npz#725cf1d4e075bc40
sujin_sit_normal_04,sujin,sit_normal,train,sujin_sit_normal_04.npz,139,120,1,13.800000190734863,0.0,v2,carewave_315_v2_best.pt#66284435c8c2f358,csi_robust_scaler_train_only.npz#725cf1d4e075bc40
sujin_sit_normal_05,sujin,sit_normal,train,sujin_sit_normal_05.npz,129,110,1,12.800000190734863,0.0,v2,carewave_315_v2_best.pt#66284435c8c2f358,csi_robust_scaler_train_only.npz#725cf1d4e075bc40
sujin_sit_normal_06,sujin,sit_normal,train,sujin_sit_normal_06.npz,130,111,1,12.899999618530273,0.0,v2,carewave_315_v2_best.pt#66284435c8c2f358,csi_robust_scaler_train_only.npz#725cf1d4e075bc40
sujin_sit_normal_07,sujin,sit_normal,train,sujin_sit_normal_07.npz,127,108,1,12.600000381469727,0.0,v2,carewave_315_v2_best.pt#66284435c8c2f358,csi_robust_scaler_train_only.npz#725cf1d4e075bc40
sujin_sit_normal_08,sujin,sit_normal,train,sujin_sit_normal_08.npz,130,111,1,12.899999618530273,0.0,v2,carewave_315_v2_best.pt#66284435c8c2f358,csi_robust_scaler_train_only.npz#725cf1d4e075bc40
sujin_sit_normal_09,sujin,sit_normal,train,sujin_sit_normal_09.npz,129,110,1,12.800000190734863,0.0,v2,carewave_315_v2_best.pt#66284435c8c2f358,csi_robust_scaler_train_only.npz#725cf1d4e075bc40
sujin_sit_to_stand_normal_01,sujin,sit_to_stand_normal,train,sujin_sit_to_stand_normal_01.npz,1811,1792,1,181.0,0.0,v2,carewave_315_v2_best.pt#66284435c8c2f358,csi_robust_scaler_train_only.npz#725cf1d4e075bc40
sujin_sit_to_stand_normal_03,sujin,sit_to_stand_normal,train,sujin_sit_to_stand_normal_03.npz,130,111,1,12.899999618530273,0.0,v2,carewave_315_v2_best.pt#66284435c8c2f358,csi_robust_scaler_train_only.npz#725cf1d4e075bc40
sujin_sit_to_stand_normal_04,sujin,sit_to_stand_normal,train,sujin_sit_to_stand_normal_04.npz,127,108,1,12.600000381469727,0.0,v2,carewave_315_v2_best.pt#66284435c8c2f358,csi_robust_scaler_train_only.npz#725cf1d4e075bc40
sujin_sit_to_stand_normal_05,sujin,sit_to_stand_normal,train,sujin_sit_to_stand_normal_05.npz,127,108,1,12.600000381469727,0.0,v2,carewave_315_v2_best.pt#66284435c8c2f358,csi_robust_scaler_train_only.npz#725cf1d4e075bc40
sujin_stand_normal_01,sujin,stand_normal,train,sujin_stand_normal_01.npz,1207,1188,1,120.5999984741211,0.0,v2,carewave_315_v2_best.pt#66284435c8c2f358,csi_robust_scaler_train_only.npz#725cf1d4e075bc40
sujin_stand_normal_02,sujin,stand_normal,train,sujin_stand_normal_02.npz,603,584,1,60.20000076293945,0.0,v2,carewave_315_v2_best.pt#66284435c8c2f358,csi_robust_scaler_train_only.npz#725cf1d4e075bc40
sujin_stand_normal_03,sujin,stand_normal,train,sujin_stand_normal_03.npz,133,114,1,13.199999809265137,0.0,v2,carewave_315_v2_best.pt#66284435c8c2f358,csi_robust_scaler_train_only.npz#725cf1d4e075bc40
sujin_stand_normal_04,sujin,stand_normal,train,sujin_stand_normal_04.npz,128,109,1,12.699999809265137,0.0,v2,carewave_315_v2_best.pt#66284435c8c2f358,csi_robust_scaler_train_only.npz#725cf1d4e075bc40
sujin_stand_normal_05,sujin,stand_normal,train,sujin_stand_normal_05.npz,133,114,1,13.199999809265137,0.0,v2,carewave_315_v2_best.pt#66284435c8c2f358,csi_robust_scaler_train_only.npz#725cf1d4e075bc40
sujin_stand_normal_07,sujin,stand_normal,train,sujin_stand_normal_07.npz,128,109,1,12.699999809265137,0.0,v2,carewave_315_v2_best.pt#66284435c8c2f358,csi_robust_scaler_train_only.npz#725cf1d4e075bc40
sujin_stand_normal_08,sujin,stand_normal,train,sujin_stand_normal_08.npz,128,109,1,12.699999809265137,0.0,v2,carewave_315_v2_best.pt#66284435c8c2f358,csi_robust_scaler_train_only.npz#725cf1d4e075bc40
sujin_stand_normal_09,sujin,stand_normal,train,sujin_stand_normal_09.npz,127,108,1,12.600000381469727,0.0,v2,carewave_315_v2_best.pt#66284435c8c2f358,csi_robust_scaler_train_only.npz#725cf1d4e075bc40
sujin_stand_normal_10,sujin,stand_normal,train,sujin_stand_normal_10.npz,131,112,1,13.0,0.0,v2,carewave_315_v2_best.pt#66284435c8c2f358,csi_robust_scaler_train_only.npz#725cf1d4e075bc40
sujin_stand_normal_11,sujin,stand_normal,train,sujin_stand_normal_11.npz,131,112,1,13.0,0.0,v2,carewave_315_v2_best.pt#66284435c8c2f358,csi_robust_scaler_train_only.npz#725cf1d4e075bc40
sujin_stand_normal_12,sujin,stand_normal,train,sujin_stand_normal_12.npz,131,112,1,13.0,0.0,v2,carewave_315_v2_best.pt#66284435c8c2f358,csi_robust_scaler_train_only.npz#725cf1d4e075bc40
sujin_walk_normal_01,sujin,walk_normal,train,sujin_walk_normal_01.npz,1208,1189,1,120.69999694824219,0.0,v2,carewave_315_v2_best.pt#66284435c8c2f358,csi_robust_scaler_train_only.npz#725cf1d4e075bc40
sujin_walk_normal_02,sujin,walk_normal,train,sujin_walk_normal_02.npz,125,106,1,12.399999618530273,0.0,v2,carewave_315_v2_best.pt#66284435c8c2f358,csi_robust_scaler_train_only.npz#725cf1d4e075bc40
sujin_walk_normal_03,sujin,walk_normal,train,sujin_walk_normal_03.npz,129,110,1,12.800000190734863,0.0,v2,carewave_315_v2_best.pt#66284435c8c2f358,csi_robust_scaler_train_only.npz#725cf1d4e075bc40
sujin_walk_normal_04,sujin,walk_normal,train,sujin_walk_normal_04.npz,129,110,1,12.800000190734863,0.0,v2,carewave_315_v2_best.pt#66284435c8c2f358,csi_robust_scaler_train_only.npz#725cf1d4e075bc40
sujin_walk_normal_05,sujin,walk_normal,train,sujin_walk_normal_05.npz,129,110,1,12.800000190734863,0.0,v2,carewave_315_v2_best.pt#66284435c8c2f358,csi_robust_scaler_train_only.npz#725cf1d4e075bc40
sujin_walk_normal_08,sujin,walk_normal,train,sujin_walk_normal_08.npz,122,103,1,12.100000381469727,0.0,v2,carewave_315_v2_best.pt#66284435c8c2f358,csi_robust_scaler_train_only.npz#725cf1d4e075bc40
sujin_walk_normal_09,sujin,walk_normal,train,sujin_walk_normal_09.npz,130,111,1,12.899999618530273,0.0,v2,carewave_315_v2_best.pt#66284435c8c2f358,csi_robust_scaler_train_only.npz#725cf1d4e075bc40
sujin_walk_normal_10,sujin,walk_normal,train,sujin_walk_normal_10.npz,134,115,1,13.300000190734863,0.0,v2,carewave_315_v2_best.pt#66284435c8c2f358,csi_robust_scaler_train_only.npz#725cf1d4e075bc40
sujin_walk_normal_11,sujin,walk_normal,train,sujin_walk_normal_11.npz,129,110,1,12.800000190734863,0.0,v2,carewave_315_v2_best.pt#66284435c8c2f358,csi_robust_scaler_train_only.npz#725cf1d4e075bc40
sujin_walk_normal_12,sujin,walk_normal,train,sujin_walk_normal_12.npz,128,109,1,12.699999809265137,0.0,v2,carewave_315_v2_best.pt#66284435c8c2f358,csi_robust_scaler_train_only.npz#725cf1d4e075bc40
yena_arm_move_normal_01,yena,arm_move_normal,train,yena_arm_move_normal_01.npz,1815,1796,1,181.39999389648438,0.0,v2,carewave_315_v2_best.pt#66284435c8c2f358,csi_robust_scaler_train_only.npz#725cf1d4e075bc40
yena_chair_sit_variation_02,yena,chair_sit_variation,train,yena_chair_sit_variation_02.npz,126,107,1,12.5,0.0,v2,carewave_315_v2_best.pt#66284435c8c2f358,csi_robust_scaler_train_only.npz#725cf1d4e075bc40
yena_chair_sit_variation_03,yena,chair_sit_variation,train,yena_chair_sit_variation_03.npz,134,115,1,13.300000190734863,0.0,v2,carewave_315_v2_best.pt#66284435c8c2f358,csi_robust_scaler_train_only.npz#725cf1d4e075bc40
yena_fall_normal_0,yena,fall_normal,train,yena_fall_normal_0.npz,1206,1187,1,120.5,0.0,v2,carewave_315_v2_best.pt#66284435c8c2f358,csi_robust_scaler_train_only.npz#725cf1d4e075bc40
yena_fall_normal_01,yena,fall_normal,train,yena_fall_normal_01.npz,1805,1786,1,180.39999389648438,0.0,v2,carewave_315_v2_best.pt#66284435c8c2f358,csi_robust_scaler_train_only.npz#725cf1d4e075bc40
yena_fall_normal_02,yena,fall_normal,train,yena_fall_normal_02.npz,1805,1786,1,180.39999389648438,0.0,v2,carewave_315_v2_best.pt#66284435c8c2f358,csi_robust_scaler_train_only.npz#725cf1d4e075bc40
yena_fall_normal_04,yena,fall_normal,train,yena_fall_normal_04.npz,134,115,1,13.300000190734863,0.0,v2,carewave_315_v2_best.pt#66284435c8c2f358,csi_robust_scaler_train_only.npz#725cf1d4e075bc40
yena_fall_normal_05,yena,fall_normal,train,yena_fall_normal_05.npz,147,128,1,14.600000381469727,0.0,v2,carewave_315_v2_best.pt#66284435c8c2f358,csi_robust_scaler_train_only.npz#725cf1d4e075bc40
yena_fall_normal_06,yena,fall_normal,train,yena_fall_normal_06.npz,129,110,1,12.800000190734863,0.0,v2,carewave_315_v2_best.pt#66284435c8c2f358,csi_robust_scaler_train_only.npz#725cf1d4e075bc40
yena_fall_normal_07,yena,fall_normal,train,yena_fall_normal_07.npz,127,108,1,12.600000381469727,0.0,v2,carewave_315_v2_best.pt#66284435c8c2f358,csi_robust_scaler_train_only.npz#725cf1d4e075bc40
yena_fall_normal_09,yena,fall_normal,train,yena_fall_normal_09.npz,125,106,1,12.399999618530273,0.0,v2,carewave_315_v2_best.pt#66284435c8c2f358,csi_robust_scaler_train_only.npz#725cf1d4e075bc40
yena_fall_normal_10,yena,fall_normal,train,yena_fall_normal_10.npz,124,105,1,12.300000190734863,0.0,v2,carewave_315_v2_best.pt#66284435c8c2f358,csi_robust_scaler_train_only.npz#725cf1d4e075bc40
yena_fall_normal_11,yena,fall_normal,train,yena_fall_normal_11.npz,140,121,1,13.899999618530273,0.0,v2,carewave_315_v2_best.pt#66284435c8c2f358,csi_robust_scaler_train_only.npz#725cf1d4e075bc40
yena_fall_normal_13,yena,fall_normal,train,yena_fall_normal_13.npz,128,109,1,12.699999809265137,0.0,v2,carewave_315_v2_best.pt#66284435c8c2f358,csi_robust_scaler_train_only.npz#725cf1d4e075bc40
yena_fall_normal_15,yena,fall_normal,train,yena_fall_normal_15.npz,126,107,1,12.5,0.0,v2,carewave_315_v2_best.pt#66284435c8c2f358,csi_robust_scaler_train_only.npz#725cf1d4e075bc40
yena_fall_normal_16,yena,fall_normal,train,yena_fall_normal_16.npz,123,104,1,12.199999809265137,0.0,v2,carewave_315_v2_best.pt#66284435c8c2f358,csi_robust_scaler_train_only.npz#725cf1d4e075bc40
yena_fall_normal_17,yena,fall_normal,train,yena_fall_normal_17.npz,129,110,1,12.800000190734863,0.0,v2,carewave_315_v2_best.pt#66284435c8c2f358,csi_robust_scaler_train_only.npz#725cf1d4e075bc40
yena_fall_stay_down_01,yena,fall_stay_down,train,yena_fall_stay_down_01.npz,1805,1786,1,180.39999389648438,0.0,v2,carewave_315_v2_best.pt#66284435c8c2f358,csi_robust_scaler_train_only.npz#725cf1d4e075bc40
yena_fall_stay_down_02,yena,fall_stay_down,train,yena_fall_stay_down_02.npz,133,114,1,13.199999809265137,0.0,v2,carewave_315_v2_best.pt#66284435c8c2f358,csi_robust_scaler_train_only.npz#725cf1d4e075bc40
yena_fall_stay_down_03,yena,fall_stay_down,train,yena_fall_stay_down_03.npz,129,110,1,12.800000190734863,0.0,v2,carewave_315_v2_best.pt#66284435c8c2f358,csi_robust_scaler_train_only.npz#725cf1d4e075bc40
yena_fall_stay_down_04,yena,fall_stay_down,train,yena_fall_stay_down_04.npz,132,113,1,13.100000381469727,0.0,v2,carewave_315_v2_best.pt#66284435c8c2f358,csi_robust_scaler_train_only.npz#725cf1d4e075bc40
yena_fall_stay_down_05,yena,fall_stay_down,train,yena_fall_stay_down_05.npz,128,109,1,12.699999809265137,0.0,v2,carewave_315_v2_best.pt#66284435c8c2f358,csi_robust_scaler_train_only.npz#725cf1d4e075bc40
yena_free_activity_normal_01,yena,free_activity_normal,train,yena_free_activity_normal_01.npz,1799,1780,1,179.8000030517578,0.0,v2,carewave_315_v2_best.pt#66284435c8c2f358,csi_robust_scaler_train_only.npz#725cf1d4e075bc40
yena_free_activity_normal_02,yena,free_activity_normal,train,yena_free_activity_normal_02.npz,3008,2989,1,300.70001220703125,0.0,v2,carewave_315_v2_best.pt#66284435c8c2f358,csi_robust_scaler_train_only.npz#725cf1d4e075bc40
yena_pick_up_normal_01,yena,pick_up_normal,train,yena_pick_up_normal_01.npz,1802,1783,1,180.10000610351562,0.0,v2,carewave_315_v2_best.pt#66284435c8c2f358,csi_robust_scaler_train_only.npz#725cf1d4e075bc40
yena_pick_up_normal_02,yena,pick_up_normal,train,yena_pick_up_normal_02.npz,147,128,1,14.600000381469727,0.0,v2,carewave_315_v2_best.pt#66284435c8c2f358,csi_robust_scaler_train_only.npz#725cf1d4e075bc40
yena_pick_up_normal_04,yena,pick_up_normal,train,yena_pick_up_normal_04.npz,122,103,1,12.100000381469727,0.0,v2,carewave_315_v2_best.pt#66284435c8c2f358,csi_robust_scaler_train_only.npz#725cf1d4e075bc40
yena_pick_up_normal_05,yena,pick_up_normal,train,yena_pick_up_normal_05.npz,134,115,1,13.300000190734863,0.0,v2,carewave_315_v2_best.pt#66284435c8c2f358,csi_robust_scaler_train_only.npz#725cf1d4e075bc40
yena_pick_up_normal_06,yena,pick_up_normal,train,yena_pick_up_normal_06.npz,129,110,1,12.800000190734863,0.0,v2,carewave_315_v2_best.pt#66284435c8c2f358,csi_robust_scaler_train_only.npz#725cf1d4e075bc40
yena_pick_up_normal_07,yena,pick_up_normal,train,yena_pick_up_normal_07.npz,134,115,1,13.300000190734863,0.0,v2,carewave_315_v2_best.pt#66284435c8c2f358,csi_robust_scaler_train_only.npz#725cf1d4e075bc40
yena_pick_up_normal_08,yena,pick_up_normal,train,yena_pick_up_normal_08.npz,131,112,1,13.0,0.0,v2,carewave_315_v2_best.pt#66284435c8c2f358,csi_robust_scaler_train_only.npz#725cf1d4e075bc40
yena_pick_up_normal_09,yena,pick_up_normal,train,yena_pick_up_normal_09.npz,128,109,1,12.699999809265137,0.0,v2,carewave_315_v2_best.pt#66284435c8c2f358,csi_robust_scaler_train_only.npz#725cf1d4e075bc40
yena_pick_up_normal_10,yena,pick_up_normal,train,yena_pick_up_normal_10.npz,130,111,1,12.899999618530273,0.0,v2,carewave_315_v2_best.pt#66284435c8c2f358,csi_robust_scaler_train_only.npz#725cf1d4e075bc40
yena_pick_up_normal_11,yena,pick_up_normal,train,yena_pick_up_normal_11.npz,126,107,1,12.5,0.0,v2,carewave_315_v2_best.pt#66284435c8c2f358,csi_robust_scaler_train_only.npz#725cf1d4e075bc40
yena_pick_up_variation_01,yena,pick_up_variation,train,yena_pick_up_variation_01.npz,1808,1789,1,180.6999969482422,0.0,v2,carewave_315_v2_best.pt#66284435c8c2f358,csi_robust_scaler_train_only.npz#725cf1d4e075bc40
yena_pick_up_variation_04,yena,pick_up_variation,train,yena_pick_up_variation_04.npz,126,107,1,12.5,0.0,v2,carewave_315_v2_best.pt#66284435c8c2f358,csi_robust_scaler_train_only.npz#725cf1d4e075bc40
yena_pick_up_variation_05,yena,pick_up_variation,train,yena_pick_up_variation_05.npz,102,83,1,10.100000381469727,0.0,v2,carewave_315_v2_best.pt#66284435c8c2f358,csi_robust_scaler_train_only.npz#725cf1d4e075bc40
yena_sit_move_normal_01,yena,sit_move_normal,train,yena_sit_move_normal_01.npz,1816,1797,1,181.5,0.0,v2,carewave_315_v2_best.pt#66284435c8c2f358,csi_robust_scaler_train_only.npz#725cf1d4e075bc40
yena_sit_normal_02,yena,sit_normal,train,yena_sit_normal_02.npz,137,118,1,13.600000381469727,0.0,v2,carewave_315_v2_best.pt#66284435c8c2f358,csi_robust_scaler_train_only.npz#725cf1d4e075bc40
yena_sit_normal_03,yena,sit_normal,train,yena_sit_normal_03.npz,130,111,1,12.899999618530273,0.0,v2,carewave_315_v2_best.pt#66284435c8c2f358,csi_robust_scaler_train_only.npz#725cf1d4e075bc40
yena_sit_normal_04,yena,sit_normal,train,yena_sit_normal_04.npz,125,106,1,12.399999618530273,0.0,v2,carewave_315_v2_best.pt#66284435c8c2f358,csi_robust_scaler_train_only.npz#725cf1d4e075bc40
yena_sit_normal_06,yena,sit_normal,train,yena_sit_normal_06.npz,133,114,1,13.199999809265137,0.0,v2,carewave_315_v2_best.pt#66284435c8c2f358,csi_robust_scaler_train_only.npz#725cf1d4e075bc40
yena_sit_normal_07,yena,sit_normal,train,yena_sit_normal_07.npz,133,114,1,13.199999809265137,0.0,v2,carewave_315_v2_best.pt#66284435c8c2f358,csi_robust_scaler_train_only.npz#725cf1d4e075bc40
yena_sit_normal_08,yena,sit_normal,train,yena_sit_normal_08.npz,136,117,1,13.5,0.0,v2,carewave_315_v2_best.pt#66284435c8c2f358,csi_robust_scaler_train_only.npz#725cf1d4e075bc40
yena_sit_normal_09,yena,sit_normal,train,yena_sit_normal_09.npz,125,106,1,12.399999618530273,0.0,v2,carewave_315_v2_best.pt#66284435c8c2f358,csi_robust_scaler_train_only.npz#725cf1d4e075bc40
yena_sit_to_stand_normal_01,yena,sit_to_stand_normal,train,yena_sit_to_stand_normal_01.npz,123,104,1,12.199999809265137,0.0,v2,carewave_315_v2_best.pt#66284435c8c2f358,csi_robust_scaler_train_only.npz#725cf1d4e075bc40
yena_sit_to_stand_normal_02,yena,sit_to_stand_normal,train,yena_sit_to_stand_normal_02.npz,135,116,1,13.399999618530273,0.0,v2,carewave_315_v2_best.pt#66284435c8c2f358,csi_robust_scaler_train_only.npz#725cf1d4e075bc40
yena_sit_to_stand_normal_03,yena,sit_to_stand_normal,train,yena_sit_to_stand_normal_03.npz,126,107,1,12.5,0.0,v2,carewave_315_v2_best.pt#66284435c8c2f358,csi_robust_scaler_train_only.npz#725cf1d4e075bc40
yena_sit_to_stand_normal_04,yena,sit_to_stand_normal,train,yena_sit_to_stand_normal_04.npz,123,104,1,12.199999809265137,0.0,v2,carewave_315_v2_best.pt#66284435c8c2f358,csi_robust_scaler_train_only.npz#725cf1d4e075bc40
yena_slow_lie_down_01,yena,slow_lie_down,train,yena_slow_lie_down_01.npz,1804,1785,1,180.3000030517578,0.0,v2,carewave_315_v2_best.pt#66284435c8c2f358,csi_robust_scaler_train_only.npz#725cf1d4e075bc40
yena_stand_normal_01,yena,stand_normal,train,yena_stand_normal_01.npz,630,611,1,62.900001525878906,0.0,v2,carewave_315_v2_best.pt#66284435c8c2f358,csi_robust_scaler_train_only.npz#725cf1d4e075bc40
yena_stand_normal_02,yena,stand_normal,train,yena_stand_normal_02.npz,103,84,1,10.199999809265137,0.0,v2,carewave_315_v2_best.pt#66284435c8c2f358,csi_robust_scaler_train_only.npz#725cf1d4e075bc40
yena_stand_normal_04,yena,stand_normal,train,yena_stand_normal_04.npz,128,109,1,12.699999809265137,0.0,v2,carewave_315_v2_best.pt#66284435c8c2f358,csi_robust_scaler_train_only.npz#725cf1d4e075bc40
yena_stand_normal_05,yena,stand_normal,train,yena_stand_normal_05.npz,127,108,1,12.600000381469727,0.0,v2,carewave_315_v2_best.pt#66284435c8c2f358,csi_robust_scaler_train_only.npz#725cf1d4e075bc40
yena_stand_normal_06,yena,stand_normal,train,yena_stand_normal_06.npz,126,107,1,12.5,0.0,v2,carewave_315_v2_best.pt#66284435c8c2f358,csi_robust_scaler_train_only.npz#725cf1d4e075bc40
yena_stand_normal_07,yena,stand_normal,train,yena_stand_normal_07.npz,132,113,1,13.100000381469727,0.0,v2,carewave_315_v2_best.pt#66284435c8c2f358,csi_robust_scaler_train_only.npz#725cf1d4e075bc40
yena_stand_normal_08,yena,stand_normal,train,yena_stand_normal_08.npz,127,108,1,12.600000381469727,0.0,v2,carewave_315_v2_best.pt#66284435c8c2f358,csi_robust_scaler_train_only.npz#725cf1d4e075bc40
yena_stand_normal_10,yena,stand_normal,train,yena_stand_normal_10.npz,125,106,1,12.399999618530273,0.0,v2,carewave_315_v2_best.pt#66284435c8c2f358,csi_robust_scaler_train_only.npz#725cf1d4e075bc40
yena_walk_normal_02,yena,walk_normal,train,yena_walk_normal_02.npz,135,116,1,13.399999618530273,0.0,v2,carewave_315_v2_best.pt#66284435c8c2f358,csi_robust_scaler_train_only.npz#725cf1d4e075bc40
yena_walk_normal_03,yena,walk_normal,train,yena_walk_normal_03.npz,125,106,1,12.399999618530273,0.0,v2,carewave_315_v2_best.pt#66284435c8c2f358,csi_robust_scaler_train_only.npz#725cf1d4e075bc40
yena_walk_normal_04,yena,walk_normal,train,yena_walk_normal_04.npz,131,112,1,13.0,0.0,v2,carewave_315_v2_best.pt#66284435c8c2f358,csi_robust_scaler_train_only.npz#725cf1d4e075bc40
yena_walk_normal_05,yena,walk_normal,train,yena_walk_normal_05.npz,137,118,1,13.600000381469727,0.0,v2,carewave_315_v2_best.pt#66284435c8c2f358,csi_robust_scaler_train_only.npz#725cf1d4e075bc40
yena_walk_normal_06,yena,walk_normal,train,yena_walk_normal_06.npz,133,114,1,13.199999809265137,0.0,v2,carewave_315_v2_best.pt#66284435c8c2f358,csi_robust_scaler_train_only.npz#725cf1d4e075bc40
yena_walk_normal_07,yena,walk_normal,train,yena_walk_normal_07.npz,136,117,1,13.5,0.0,v2,carewave_315_v2_best.pt#66284435c8c2f358,csi_robust_scaler_train_only.npz#725cf1d4e075bc40
yena_walk_normal_08,yena,walk_normal,train,yena_walk_normal_08.npz,132,113,1,13.100000381469727,0.0,v2,carewave_315_v2_best.pt#66284435c8c2f358,csi_robust_scaler_train_only.npz#725cf1d4e075bc40
yena_walk_normal_09,yena,walk_normal,train,yena_walk_normal_09.npz,137,118,1,13.600000381469727,0.0,v2,carewave_315_v2_best.pt#66284435c8c2f358,csi_robust_scaler_train_only.npz#725cf1d4e075bc40
yena_walk_normal_10,yena,walk_normal,train,yena_walk_normal_10.npz,139,120,1,13.800000190734863,0.0,v2,carewave_315_v2_best.pt#66284435c8c2f358,csi_robust_scaler_train_only.npz#725cf1d4e075bc40
yena_walk_normal_11,yena,walk_normal,train,yena_walk_normal_11.npz,132,113,1,13.100000381469727,0.0,v2,carewave_315_v2_best.pt#66284435c8c2f358,csi_robust_scaler_train_only.npz#725cf1d4e075bc40
yena_walk_normal_12,yena,walk_normal,train,yena_walk_normal_12.npz,129,110,1,12.800000190734863,0.0,v2,carewave_315_v2_best.pt#66284435c8c2f358,csi_robust_scaler_train_only.npz#725cf1d4e075bc40
yena_walk_normal_13,yena,walk_normal,train,yena_walk_normal_13.npz,134,115,1,13.300000190734863,0.0,v2,carewave_315_v2_best.pt#66284435c8c2f358,csi_robust_scaler_train_only.npz#725cf1d4e075bc40
hoyeon_lie_down_normal_01,hoyeon,lie_down_normal,validation,hoyeon_lie_down_normal_01.npz,1800,1781,1,179.89999389648438,0.0,v2,carewave_315_v2_best.pt#66284435c8c2f358,csi_robust_scaler_train_only.npz#725cf1d4e075bc40
sujin_fall_normal_04,sujin,fall_normal,validation,sujin_fall_normal_04.npz,128,109,1,12.699999809265137,0.0,v2,carewave_315_v2_best.pt#66284435c8c2f358,csi_robust_scaler_train_only.npz#725cf1d4e075bc40
sujin_fall_normal_05,sujin,fall_normal,validation,sujin_fall_normal_05.npz,129,110,1,12.800000190734863,0.0,v2,carewave_315_v2_best.pt#66284435c8c2f358,csi_robust_scaler_train_only.npz#725cf1d4e075bc40
sujin_fall_stay_down_03,sujin,fall_stay_down,validation,sujin_fall_stay_down_03.npz,105,86,1,10.399999618530273,0.0,v2,carewave_315_v2_best.pt#66284435c8c2f358,csi_robust_scaler_train_only.npz#725cf1d4e075bc40
sujin_fall_stay_down_04,sujin,fall_stay_down,validation,sujin_fall_stay_down_04.npz,103,84,1,10.199999809265137,0.0,v2,carewave_315_v2_best.pt#66284435c8c2f358,csi_robust_scaler_train_only.npz#725cf1d4e075bc40
sujin_free_activity_normal_01,sujin,free_activity_normal,validation,sujin_free_activity_normal_01.npz,1800,1781,1,179.89999389648438,0.0,v2,carewave_315_v2_best.pt#66284435c8c2f358,csi_robust_scaler_train_only.npz#725cf1d4e075bc40
sujin_pick_up_normal_01,sujin,pick_up_normal,validation,sujin_pick_up_normal_01.npz,1804,1785,1,180.3000030517578,0.0,v2,carewave_315_v2_best.pt#66284435c8c2f358,csi_robust_scaler_train_only.npz#725cf1d4e075bc40
sujin_pick_up_normal_12,sujin,pick_up_normal,validation,sujin_pick_up_normal_12.npz,128,109,1,12.699999809265137,0.0,v2,carewave_315_v2_best.pt#66284435c8c2f358,csi_robust_scaler_train_only.npz#725cf1d4e075bc40
sujin_sit_normal_02,sujin,sit_normal,validation,sujin_sit_normal_02.npz,126,107,1,12.5,0.0,v2,carewave_315_v2_best.pt#66284435c8c2f358,csi_robust_scaler_train_only.npz#725cf1d4e075bc40
sujin_sit_to_stand_normal_02,sujin,sit_to_stand_normal,validation,sujin_sit_to_stand_normal_02.npz,1801,1782,1,180.0,0.0,v2,carewave_315_v2_best.pt#66284435c8c2f358,csi_robust_scaler_train_only.npz#725cf1d4e075bc40
sujin_sit_to_stand_normal_06,sujin,sit_to_stand_normal,validation,sujin_sit_to_stand_normal_06.npz,125,106,1,12.399999618530273,0.0,v2,carewave_315_v2_best.pt#66284435c8c2f358,csi_robust_scaler_train_only.npz#725cf1d4e075bc40
sujin_slow_lie_down_01,sujin,slow_lie_down,validation,sujin_slow_lie_down_01.npz,1801,1782,1,180.0,0.0,v2,carewave_315_v2_best.pt#66284435c8c2f358,csi_robust_scaler_train_only.npz#725cf1d4e075bc40
sujin_stand_normal_06,sujin,stand_normal,validation,sujin_stand_normal_06.npz,131,112,1,13.0,0.0,v2,carewave_315_v2_best.pt#66284435c8c2f358,csi_robust_scaler_train_only.npz#725cf1d4e075bc40
sujin_walk_normal_06,sujin,walk_normal,validation,sujin_walk_normal_06.npz,128,109,1,12.699999809265137,0.0,v2,carewave_315_v2_best.pt#66284435c8c2f358,csi_robust_scaler_train_only.npz#725cf1d4e075bc40
sujin_walk_normal_07,sujin,walk_normal,validation,sujin_walk_normal_07.npz,128,109,1,12.699999809265137,0.0,v2,carewave_315_v2_best.pt#66284435c8c2f358,csi_robust_scaler_train_only.npz#725cf1d4e075bc40
sujin_walk_normal_13,sujin,walk_normal,validation,sujin_walk_normal_13.npz,130,111,1,12.899999618530273,0.0,v2,carewave_315_v2_best.pt#66284435c8c2f358,csi_robust_scaler_train_only.npz#725cf1d4e075bc40
yena_bending_normal_01,yena,bending_normal,validation,yena_bending_normal_01.npz,1810,1791,1,180.89999389648438,0.0,v2,carewave_315_v2_best.pt#66284435c8c2f358,csi_robust_scaler_train_only.npz#725cf1d4e075bc40
yena_chair_sit_variation_01,yena,chair_sit_variation,validation,yena_chair_sit_variation_01.npz,1798,1779,1,179.6999969482422,0.0,v2,carewave_315_v2_best.pt#66284435c8c2f358,csi_robust_scaler_train_only.npz#725cf1d4e075bc40
yena_fall_normal_08,yena,fall_normal,validation,yena_fall_normal_08.npz,131,112,1,13.0,0.0,v2,carewave_315_v2_best.pt#66284435c8c2f358,csi_robust_scaler_train_only.npz#725cf1d4e075bc40
yena_fall_normal_12,yena,fall_normal,validation,yena_fall_normal_12.npz,128,109,1,12.699999809265137,0.0,v2,carewave_315_v2_best.pt#66284435c8c2f358,csi_robust_scaler_train_only.npz#725cf1d4e075bc40
yena_fall_normal_14,yena,fall_normal,validation,yena_fall_normal_14.npz,126,107,1,12.5,0.0,v2,carewave_315_v2_best.pt#66284435c8c2f358,csi_robust_scaler_train_only.npz#725cf1d4e075bc40
yena_pick_up_normal_03,yena,pick_up_normal,validation,yena_pick_up_normal_03.npz,131,112,1,13.0,0.0,v2,carewave_315_v2_best.pt#66284435c8c2f358,csi_robust_scaler_train_only.npz#725cf1d4e075bc40
yena_pick_up_variation_02,yena,pick_up_variation,validation,yena_pick_up_variation_02.npz,139,120,1,13.800000190734863,0.0,v2,carewave_315_v2_best.pt#66284435c8c2f358,csi_robust_scaler_train_only.npz#725cf1d4e075bc40
yena_pick_up_variation_03,yena,pick_up_variation,validation,yena_pick_up_variation_03.npz,133,114,1,13.199999809265137,0.0,v2,carewave_315_v2_best.pt#66284435c8c2f358,csi_robust_scaler_train_only.npz#725cf1d4e075bc40
yena_sit_normal_01,yena,sit_normal,validation,yena_sit_normal_01.npz,1204,1185,1,120.30000305175781,0.0,v2,carewave_315_v2_best.pt#66284435c8c2f358,csi_robust_scaler_train_only.npz#725cf1d4e075bc40
yena_sit_normal_05,yena,sit_normal,validation,yena_sit_normal_05.npz,135,116,1,13.399999618530273,0.0,v2,carewave_315_v2_best.pt#66284435c8c2f358,csi_robust_scaler_train_only.npz#725cf1d4e075bc40
yena_stand_normal_03,yena,stand_normal,validation,yena_stand_normal_03.npz,131,112,1,13.0,0.0,v2,carewave_315_v2_best.pt#66284435c8c2f358,csi_robust_scaler_train_only.npz#725cf1d4e075bc40
yena_stand_normal_09,yena,stand_normal,validation,yena_stand_normal_09.npz,125,106,1,12.399999618530273,0.0,v2,carewave_315_v2_best.pt#66284435c8c2f358,csi_robust_scaler_train_only.npz#725cf1d4e075bc40
yena_stand_normal_11,yena,stand_normal,validation,yena_stand_normal_11.npz,127,108,1,12.600000381469727,0.0,v2,carewave_315_v2_best.pt#66284435c8c2f358,csi_robust_scaler_train_only.npz#725cf1d4e075bc40
yena_walk_normal_01,yena,walk_normal,validation,yena_walk_normal_01.npz,1230,1211,1,122.9000015258789,0.0,v2,carewave_315_v2_best.pt#66284435c8c2f358,csi_robust_scaler_train_only.npz#725cf1d4e075bc40
hoyeon_test_04,hoyeon,test,test,hoyeon_test_04.npz,1201,1182,1,120.0,0.0,v2,carewave_315_v2_best.pt#66284435c8c2f358,csi_robust_scaler_train_only.npz#725cf1d4e075bc40
sujin_test_03,sujin,test,test,sujin_test_03.npz,1202,1183,1,120.0999984741211,0.0,v2,carewave_315_v2_best.pt#66284435c8c2f358,csi_robust_scaler_train_only.npz#725cf1d4e075bc40
yena_test_02,yena,test,test,yena_test_02.npz,1200,1181,1,119.9000015258789,0.0,v2,carewave_315_v2_best.pt#66284435c8c2f358,csi_robust_scaler_train_only.npz#725cf1d4e075bc40
yena_test_03,yena,test,test,yena_test_03.npz,1087,1068,1,108.5999984741211,0.0,v2,carewave_315_v2_best.pt#66284435c8c2f358,csi_robust_scaler_train_only.npz#725cf1d4e075bc40
yena_test_04,yena,test,test,yena_test_04.npz,102,83,1,10.100000381469727,0.0,v2,carewave_315_v2_best.pt#66284435c8c2f358,csi_robust_scaler_train_only.npz#725cf1d4e075bc40
