index,video_name,start_sec,end_sec,label
0,yena_walk_stop_fall_01.mp4,0,3,standing
1,yena_walk_stop_fall_01.mp4,3,15,walking
2,yena_walk_stop_fall_01.mp4,15,20,standing
3,yena_walk_stop_fall_01.mp4,20,23,falling
4,yena_walk_stop_fall_01.mp4,23,33,lying
5,yena_walk_stop_fall_01.mp4,33,39,getting_up
6,yena_walk_stop_fall_01.mp4,39,40,standing
7,yena_walk_stop_fall_01.mp4,40,54,walking
8,yena_walk_stop_fall_01.mp4,54,59,standing
9,yena_walk_stop_fall_01.mp4,59,61,falling
10,yena_walk_stop_fall_01.mp4,61,70,lying
11,yena_walk_stop_fall_01.mp4,70,76,getting_up
12,yena_walk_stop_fall_01.mp4,76,94,walking
13,yena_walk_stop_fall_01.mp4,94,98,standing
14,yena_walk_stop_fall_01.mp4,98,100,falling
15,yena_walk_stop_fall_01.mp4,100,112,lying
16,yena_walk_stop_fall_01.mp4,112,117,getting_up
17,yena_walk_stop_fall_01.mp4,117,120,standing
18,yena_walk_stop_fall_01.mp4,120,121,ignore
